N°,Fecha Base,Tema de la Clase,9°1,9°2,9°3,% Avance,Observaciones / Novedades
Clase 1,14-07-2026,Introducción a Python y print(),TRUE,TRUE,TRUE,100%,Visto por todos los grupos
Clase 2,21-07-2026,Variables y Tipos de Datos,TRUE,TRUE,TRUE,100%,Visto por todos los grupos
Clase 3,28-07-2026,Entrada de datos con input(),TRUE,TRUE,TRUE,100%,Visto por todos los grupos
Clase 4,04-08-2026,Operadores y Cálculos en Python,TRUE,TRUE,TRUE,100%,Visto por todos los grupos
Clase 5,11-08-2026,Condicionales Simples (if),TRUE,TRUE,TRUE,100%,Visto por todos los grupos
Clase 6,18-08-2026,Condicionales Dobles (if-else),TRUE,TRUE,TRUE,100%,Visto por todos los grupos
Clase 7,25-08-2026,Algoritmos y Toma de Decisiones,TRUE,TRUE,TRUE,100%,Visto por todos los grupos
Clase 8,01-09-2026,Introducción a Colecciones de Datos,TRUE,TRUE,TRUE,100%,Visto por todos los grupos
Clase 9,08-09-2026,Listas en Python: Indexación y Corchetes,FALSE,FALSE,FALSE,0%,Clase lista para impartir
Clase 10,15-09-2026,Métodos de Listas: append() y Slicing,FALSE,FALSE,FALSE,0%,Programada
